temple,label
D:\Download\Theoretical Exam - Chula UTC AI Academy\Lab\Problem 3.\\images\\watprakeaw\wat_prakeaw355.jpg,watpramakew
D:\Download\Theoretical Exam - Chula UTC AI Academy\Lab\Problem 3.\\images\\watprakeaw\wat_prakeaw29.jpg,watpramakew
D:\Download\Theoretical Exam - Chula UTC AI Academy\Lab\Problem 3.\\images\\watprakeaw\wat_prakeaw200.jpg,watpramakew
D:\Download\Theoretical Exam - Chula UTC AI Academy\Lab\Problem 3.\\images\\watprakeaw\wat_prakeaw17.jpg,watpramakew
D:\Download\Theoretical Exam - Chula UTC AI Academy\Lab\Problem 3.\\images\\watprakeaw\wat_prakeaw526.jpg,watpramakew
D:\Download\Theoretical Exam - Chula UTC AI Academy\Lab\Problem 3.\\images\\wat po\wat_po150.jpg,watpo
D:\Download\Theoretical Exam - Chula UTC AI Academy\Lab\Problem 3.\\images\\watprakeaw\wat_prakeaw41.jpg,watpramakew
D:\Download\Theoretical Exam - Chula UTC AI Academy\Lab\Problem 3.\\images\\wat po\wat_po176.jpg,watpo
D:\Download\Theoretical Exam - Chula UTC AI Academy\Lab\Problem 3.\\images\\watprakeaw\wat_prakeaw217.jpg,watpramakew
D:\Download\Theoretical Exam - Chula UTC AI Academy\Lab\Problem 3.\\images\\wat po\wat_po29.jpg,watpo
D:\Download\Theoretical Exam - Chula UTC AI Academy\Lab\Problem 3.\\images\\wat po\wat_po394.jpg,watpo
D:\Download\Theoretical Exam - Chula UTC AI Academy\Lab\Problem 3.\\images\\watprakeaw\wat_prakeaw120.jpg,watpramakew
D:\Download\Theoretical Exam - Chula UTC AI Academy\Lab\Problem 3.\\images\\watprakeaw\wat_prakeaw146.jpg,watpramakew
D:\Download\Theoretical Exam - Chula UTC AI Academy\Lab\Problem 3.\\images\\watprakeaw\wat_prakeaw214.jpg,watpramakew
D:\Download\Theoretical Exam - Chula UTC AI Academy\Lab\Problem 3.\\images\\watprakeaw\wat_prakeaw209.jpg,watpramakew
D:\Download\Theoretical Exam - Chula UTC AI Academy\Lab\Problem 3.\\images\\watprakeaw\wat_prakeaw234.jpg,watpramakew
D:\Download\Theoretical Exam - Chula UTC AI Academy\Lab\Problem 3.\\images\\watprakeaw\wat_prakeaw124.jpg,watpramakew
D:\Download\Theoretical Exam - Chula UTC AI Academy\Lab\Problem 3.\\images\\wat po\wat_po183.jpg,watpo
D:\Download\Theoretical Exam - Chula UTC AI Academy\Lab\Problem 3.\\images\\watprakeaw\wat_prakeaw469.jpg,watpramakew
D:\Download\Theoretical Exam - Chula UTC AI Academy\Lab\Problem 3.\\images\\watprakeaw\wat_prakeaw145.jpg,watpramakew
D:\Download\Theoretical Exam - Chula UTC AI Academy\Lab\Problem 3.\\images\\wat po\wat_po432.jpg,watpo
D:\Download\Theoretical Exam - Chula UTC AI Academy\Lab\Problem 3.\\images\\watprakeaw\wat_prakeaw151.jpg,watpramakew
D:\Download\Theoretical Exam - Chula UTC AI Academy\Lab\Problem 3.\\images\\watprakeaw\wat_prakeaw256.jpg,watpramakew
D:\Download\Theoretical Exam - Chula UTC AI Academy\Lab\Problem 3.\\images\\watprakeaw\wat_prakeaw170.jpg,watpramakew
D:\Download\Theoretical Exam - Chula UTC AI Academy\Lab\Problem 3.\\images\\watprakeaw\wat_prakeaw137.jpg,watpramakew
D:\Download\Theoretical Exam - Chula UTC AI Academy\Lab\Problem 3.\\images\\wat po\wat_po405.jpg,watpo
D:\Download\Theoretical Exam - Chula UTC AI Academy\Lab\Problem 3.\\images\\watprakeaw\wat_prakeaw409.jpg,watpramakew
D:\Download\Theoretical Exam - Chula UTC AI Academy\Lab\Problem 3.\\images\\wat po\wat_po33.jpg,watpo
D:\Download\Theoretical Exam - Chula UTC AI Academy\Lab\Problem 3.\\images\\watprakeaw\wat_prakeaw522.jpg,watpramakew
D:\Download\Theoretical Exam - Chula UTC AI Academy\Lab\Problem 3.\\images\\watprakeaw\wat_prakeaw91.jpg,watpramakew
D:\Download\Theoretical Exam - Chula UTC AI Academy\Lab\Problem 3.\\images\\wat po\wat_po318.jpg,watpo
D:\Download\Theoretical Exam - Chula UTC AI Academy\Lab\Problem 3.\\images\\wat po\wat_po331.jpg,watpo
D:\Download\Theoretical Exam - Chula UTC AI Academy\Lab\Problem 3.\\images\\watprakeaw\wat_prakeaw291.jpg,watpramakew
D:\Download\Theoretical Exam - Chula UTC AI Academy\Lab\Problem 3.\\images\\watprakeaw\wat_prakeaw510.jpg,watpramakew
D:\Download\Theoretical Exam - Chula UTC AI Academy\Lab\Problem 3.\\images\\watprakeaw\wat_prakeaw99.jpg,watpramakew
D:\Download\Theoretical Exam - Chula UTC AI Academy\Lab\Problem 3.\\images\\watprakeaw\wat_prakeaw442.jpg,watpramakew
D:\Download\Theoretical Exam - Chula UTC AI Academy\Lab\Problem 3.\\images\\watprakeaw\wat_prakeaw294.jpg,watpramakew
D:\Download\Theoretical Exam - Chula UTC AI Academy\Lab\Problem 3.\\images\\wat po\wat_po64.jpg,watpo
D:\Download\Theoretical Exam - Chula UTC AI Academy\Lab\Problem 3.\\images\\wat po\wat_po233.jpg,watpo
D:\Download\Theoretical Exam - Chula UTC AI Academy\Lab\Problem 3.\\images\\watprakeaw\wat_prakeaw421.jpg,watpramakew
D:\Download\Theoretical Exam - Chula UTC AI Academy\Lab\Problem 3.\\images\\watprakeaw\wat_prakeaw78.jpg,watpramakew
D:\Download\Theoretical Exam - Chula UTC AI Academy\Lab\Problem 3.\\images\\watprakeaw\wat_prakeaw7.jpg,watpramakew
D:\Download\Theoretical Exam - Chula UTC AI Academy\Lab\Problem 3.\\images\\watprakeaw\wat_prakeaw39.jpg,watpramakew
D:\Download\Theoretical Exam - Chula UTC AI Academy\Lab\Problem 3.\\images\\wat po\wat_po333.jpg,watpo
D:\Download\Theoretical Exam - Chula UTC AI Academy\Lab\Problem 3.\\images\\wat po\wat_po158.jpg,watpo
D:\Download\Theoretical Exam - Chula UTC AI Academy\Lab\Problem 3.\\images\\wat po\wat_po14.jpg,watpo
D:\Download\Theoretical Exam - Chula UTC AI Academy\Lab\Problem 3.\\images\\watprakeaw\wat_prakeaw25.jpg,watpramakew
D:\Download\Theoretical Exam - Chula UTC AI Academy\Lab\Problem 3.\\images\\watprakeaw\wat_prakeaw67.jpg,watpramakew
D:\Download\Theoretical Exam - Chula UTC AI Academy\Lab\Problem 3.\\images\\wat po\wat_po210.jpg,watpo
D:\Download\Theoretical Exam - Chula UTC AI Academy\Lab\Problem 3.\\images\\watprakeaw\wat_prakeaw121.jpg,watpramakew
D:\Download\Theoretical Exam - Chula UTC AI Academy\Lab\Problem 3.\\images\\watprakeaw\wat_prakeaw232.jpg,watpramakew
D:\Download\Theoretical Exam - Chula UTC AI Academy\Lab\Problem 3.\\images\\watprakeaw\wat_prakeaw93.jpg,watpramakew
D:\Download\Theoretical Exam - Chula UTC AI Academy\Lab\Problem 3.\\images\\watprakeaw\wat_prakeaw278.jpg,watpramakew
D:\Download\Theoretical Exam - Chula UTC AI Academy\Lab\Problem 3.\\images\\watprakeaw\wat_prakeaw537.jpg,watpramakew
D:\Download\Theoretical Exam - Chula UTC AI Academy\Lab\Problem 3.\\images\\watprakeaw\wat_prakeaw37.jpg,watpramakew
D:\Download\Theoretical Exam - Chula UTC AI Academy\Lab\Problem 3.\\images\\watprakeaw\wat_prakeaw4.jpg,watpramakew
D:\Download\Theoretical Exam - Chula UTC AI Academy\Lab\Problem 3.\\images\\wat po\wat_po55.jpg,watpo
D:\Download\Theoretical Exam - Chula UTC AI Academy\Lab\Problem 3.\\images\\watprakeaw\wat_prakeaw370.jpg,watpramakew
D:\Download\Theoretical Exam - Chula UTC AI Academy\Lab\Problem 3.\\images\\wat po\wat_po230.jpg,watpo
D:\Download\Theoretical Exam - Chula UTC AI Academy\Lab\Problem 3.\\images\\watprakeaw\wat_prakeaw405.jpg,watpramakew
D:\Download\Theoretical Exam - Chula UTC AI Academy\Lab\Problem 3.\\images\\wat po\wat_po59.jpg,watpo
D:\Download\Theoretical Exam - Chula UTC AI Academy\Lab\Problem 3.\\images\\watprakeaw\wat_prakeaw310.jpg,watpramakew
D:\Download\Theoretical Exam - Chula UTC AI Academy\Lab\Problem 3.\\images\\wat po\wat_po63.jpg,watpo
D:\Download\Theoretical Exam - Chula UTC AI Academy\Lab\Problem 3.\\images\\watprakeaw\wat_prakeaw523.jpg,watpramakew
D:\Download\Theoretical Exam - Chula UTC AI Academy\Lab\Problem 3.\\images\\wat po\wat_po340.jpg,watpo
D:\Download\Theoretical Exam - Chula UTC AI Academy\Lab\Problem 3.\\images\\watprakeaw\wat_prakeaw556.jpg,watpramakew
D:\Download\Theoretical Exam - Chula UTC AI Academy\Lab\Problem 3.\\images\\wat po\wat_po413.jpg,watpo
D:\Download\Theoretical Exam - Chula UTC AI Academy\Lab\Problem 3.\\images\\watprakeaw\wat_prakeaw68.jpg,watpramakew
D:\Download\Theoretical Exam - Chula UTC AI Academy\Lab\Problem 3.\\images\\wat po\wat_po203.jpg,watpo
D:\Download\Theoretical Exam - Chula UTC AI Academy\Lab\Problem 3.\\images\\watprakeaw\wat_prakeaw359.jpg,watpramakew
D:\Download\Theoretical Exam - Chula UTC AI Academy\Lab\Problem 3.\\images\\watprakeaw\wat_prakeaw254.jpg,watpramakew
D:\Download\Theoretical Exam - Chula UTC AI Academy\Lab\Problem 3.\\images\\watprakeaw\wat_prakeaw353.jpg,watpramakew
D:\Download\Theoretical Exam - Chula UTC AI Academy\Lab\Problem 3.\\images\\wat po\wat_po105.jpg,watpo
D:\Download\Theoretical Exam - Chula UTC AI Academy\Lab\Problem 3.\\images\\wat po\wat_po590.jpg,watpo
D:\Download\Theoretical Exam - Chula UTC AI Academy\Lab\Problem 3.\\images\\watprakeaw\wat_prakeaw348.jpg,watpramakew
D:\Download\Theoretical Exam - Chula UTC AI Academy\Lab\Problem 3.\\images\\watprakeaw\wat_prakeaw197.jpg,watpramakew
D:\Download\Theoretical Exam - Chula UTC AI Academy\Lab\Problem 3.\\images\\watprakeaw\wat_prakeaw10.jpg,watpramakew
D:\Download\Theoretical Exam - Chula UTC AI Academy\Lab\Problem 3.\\images\\wat po\wat_po565.jpg,watpo
D:\Download\Theoretical Exam - Chula UTC AI Academy\Lab\Problem 3.\\images\\watprakeaw\wat_prakeaw69.jpg,watpramakew
D:\Download\Theoretical Exam - Chula UTC AI Academy\Lab\Problem 3.\\images\\wat po\wat_po56.jpg,watpo
D:\Download\Theoretical Exam - Chula UTC AI Academy\Lab\Problem 3.\\images\\watprakeaw\wat_prakeaw3.jpg,watpramakew
D:\Download\Theoretical Exam - Chula UTC AI Academy\Lab\Problem 3.\\images\\watprakeaw\wat_prakeaw179.jpg,watpramakew
D:\Download\Theoretical Exam - Chula UTC AI Academy\Lab\Problem 3.\\images\\wat po\wat_po554.jpg,watpo
D:\Download\Theoretical Exam - Chula UTC AI Academy\Lab\Problem 3.\\images\\watprakeaw\wat_prakeaw590.jpg,watpramakew
D:\Download\Theoretical Exam - Chula UTC AI Academy\Lab\Problem 3.\\images\\watprakeaw\wat_prakeaw311.jpg,watpramakew
D:\Download\Theoretical Exam - Chula UTC AI Academy\Lab\Problem 3.\\images\\watprakeaw\wat_prakeaw304.jpg,watpramakew
D:\Download\Theoretical Exam - Chula UTC AI Academy\Lab\Problem 3.\\images\\wat po\wat_po94.jpg,watpo
D:\Download\Theoretical Exam - Chula UTC AI Academy\Lab\Problem 3.\\images\\watprakeaw\wat_prakeaw246.jpg,watpramakew
D:\Download\Theoretical Exam - Chula UTC AI Academy\Lab\Problem 3.\\images\\watprakeaw\wat_prakeaw367.jpg,watpramakew
D:\Download\Theoretical Exam - Chula UTC AI Academy\Lab\Problem 3.\\images\\wat po\wat_po200.jpg,watpo
D:\Download\Theoretical Exam - Chula UTC AI Academy\Lab\Problem 3.\\images\\wat po\wat_po17.jpg,watpo
D:\Download\Theoretical Exam - Chula UTC AI Academy\Lab\Problem 3.\\images\\wat po\wat_po4.jpg,watpo
D:\Download\Theoretical Exam - Chula UTC AI Academy\Lab\Problem 3.\\images\\watprakeaw\wat_prakeaw47.jpg,watpramakew
D:\Download\Theoretical Exam - Chula UTC AI Academy\Lab\Problem 3.\\images\\wat po\wat_po40.jpg,watpo
D:\Download\Theoretical Exam - Chula UTC AI Academy\Lab\Problem 3.\\images\\watprakeaw\wat_prakeaw183.jpg,watpramakew
D:\Download\Theoretical Exam - Chula UTC AI Academy\Lab\Problem 3.\\images\\watprakeaw\wat_prakeaw46.jpg,watpramakew
D:\Download\Theoretical Exam - Chula UTC AI Academy\Lab\Problem 3.\\images\\wat po\wat_po151.jpg,watpo
D:\Download\Theoretical Exam - Chula UTC AI Academy\Lab\Problem 3.\\images\\watprakeaw\wat_prakeaw108.jpg,watpramakew
D:\Download\Theoretical Exam - Chula UTC AI Academy\Lab\Problem 3.\\images\\watprakeaw\wat_prakeaw48.jpg,watpramakew
D:\Download\Theoretical Exam - Chula UTC AI Academy\Lab\Problem 3.\\images\\watprakeaw\wat_prakeaw432.jpg,watpramakew
D:\Download\Theoretical Exam - Chula UTC AI Academy\Lab\Problem 3.\\images\\watprakeaw\wat_prakeaw413.jpg,watpramakew
D:\Download\Theoretical Exam - Chula UTC AI Academy\Lab\Problem 3.\\images\\wat po\wat_po398.jpg,watpo
D:\Download\Theoretical Exam - Chula UTC AI Academy\Lab\Problem 3.\\images\\watprakeaw\wat_prakeaw314.jpg,watpramakew
D:\Download\Theoretical Exam - Chula UTC AI Academy\Lab\Problem 3.\\images\\watprakeaw\wat_prakeaw23.jpg,watpramakew
D:\Download\Theoretical Exam - Chula UTC AI Academy\Lab\Problem 3.\\images\\watprakeaw\wat_prakeaw112.jpg,watpramakew
D:\Download\Theoretical Exam - Chula UTC AI Academy\Lab\Problem 3.\\images\\watprakeaw\wat_prakeaw225.jpg,watpramakew
D:\Download\Theoretical Exam - Chula UTC AI Academy\Lab\Problem 3.\\images\\watprakeaw\wat_prakeaw242.jpg,watpramakew
D:\Download\Theoretical Exam - Chula UTC AI Academy\Lab\Problem 3.\\images\\watprakeaw\wat_prakeaw238.jpg,watpramakew
D:\Download\Theoretical Exam - Chula UTC AI Academy\Lab\Problem 3.\\images\\wat po\wat_po52.jpg,watpo
D:\Download\Theoretical Exam - Chula UTC AI Academy\Lab\Problem 3.\\images\\wat po\wat_po44.jpg,watpo
D:\Download\Theoretical Exam - Chula UTC AI Academy\Lab\Problem 3.\\images\\wat po\wat_po574.jpg,watpo
D:\Download\Theoretical Exam - Chula UTC AI Academy\Lab\Problem 3.\\images\\watprakeaw\wat_prakeaw263.jpg,watpramakew
D:\Download\Theoretical Exam - Chula UTC AI Academy\Lab\Problem 3.\\images\\wat po\wat_po80.jpg,watpo
D:\Download\Theoretical Exam - Chula UTC AI Academy\Lab\Problem 3.\\images\\watprakeaw\wat_prakeaw542.jpg,watpramakew
D:\Download\Theoretical Exam - Chula UTC AI Academy\Lab\Problem 3.\\images\\wat po\wat_po173.jpg,watpo
D:\Download\Theoretical Exam - Chula UTC AI Academy\Lab\Problem 3.\\images\\wat po\wat_po336.jpg,watpo
D:\Download\Theoretical Exam - Chula UTC AI Academy\Lab\Problem 3.\\images\\watprakeaw\wat_prakeaw107.jpg,watpramakew
D:\Download\Theoretical Exam - Chula UTC AI Academy\Lab\Problem 3.\\images\\wat po\wat_po346.jpg,watpo
D:\Download\Theoretical Exam - Chula UTC AI Academy\Lab\Problem 3.\\images\\watprakeaw\wat_prakeaw341.jpg,watpramakew
D:\Download\Theoretical Exam - Chula UTC AI Academy\Lab\Problem 3.\\images\\watprakeaw\wat_prakeaw45.jpg,watpramakew
D:\Download\Theoretical Exam - Chula UTC AI Academy\Lab\Problem 3.\\images\\watprakeaw\wat_prakeaw505.jpg,watpramakew
D:\Download\Theoretical Exam - Chula UTC AI Academy\Lab\Problem 3.\\images\\wat po\wat_po392.jpg,watpo
D:\Download\Theoretical Exam - Chula UTC AI Academy\Lab\Problem 3.\\images\\wat po\wat_po256.jpg,watpo
D:\Download\Theoretical Exam - Chula UTC AI Academy\Lab\Problem 3.\\images\\watprakeaw\wat_prakeaw284.jpg,watpramakew
D:\Download\Theoretical Exam - Chula UTC AI Academy\Lab\Problem 3.\\images\\watprakeaw\wat_prakeaw138.jpg,watpramakew
D:\Download\Theoretical Exam - Chula UTC AI Academy\Lab\Problem 3.\\images\\watprakeaw\wat_prakeaw250.jpg,watpramakew
D:\Download\Theoretical Exam - Chula UTC AI Academy\Lab\Problem 3.\\images\\watprakeaw\wat_prakeaw43.jpg,watpramakew
D:\Download\Theoretical Exam - Chula UTC AI Academy\Lab\Problem 3.\\images\\watprakeaw\wat_prakeaw245.jpg,watpramakew
D:\Download\Theoretical Exam - Chula UTC AI Academy\Lab\Problem 3.\\images\\wat po\wat_po121.jpg,watpo
D:\Download\Theoretical Exam - Chula UTC AI Academy\Lab\Problem 3.\\images\\watprakeaw\wat_prakeaw220.jpg,watpramakew
D:\Download\Theoretical Exam - Chula UTC AI Academy\Lab\Problem 3.\\images\\watprakeaw\wat_prakeaw330.jpg,watpramakew
D:\Download\Theoretical Exam - Chula UTC AI Academy\Lab\Problem 3.\\images\\wat po\wat_po170.jpg,watpo
D:\Download\Theoretical Exam - Chula UTC AI Academy\Lab\Problem 3.\\images\\wat po\wat_po472.jpg,watpo
D:\Download\Theoretical Exam - Chula UTC AI Academy\Lab\Problem 3.\\images\\wat po\wat_po188.jpg,watpo
D:\Download\Theoretical Exam - Chula UTC AI Academy\Lab\Problem 3.\\images\\watprakeaw\wat_prakeaw318.jpg,watpramakew
D:\Download\Theoretical Exam - Chula UTC AI Academy\Lab\Problem 3.\\images\\watprakeaw\wat_prakeaw185.jpg,watpramakew
D:\Download\Theoretical Exam - Chula UTC AI Academy\Lab\Problem 3.\\images\\watprakeaw\wat_prakeaw228.jpg,watpramakew
D:\Download\Theoretical Exam - Chula UTC AI Academy\Lab\Problem 3.\\images\\watprakeaw\wat_prakeaw321.jpg,watpramakew
D:\Download\Theoretical Exam - Chula UTC AI Academy\Lab\Problem 3.\\images\\watprakeaw\wat_prakeaw75.jpg,watpramakew
D:\Download\Theoretical Exam - Chula UTC AI Academy\Lab\Problem 3.\\images\\watprakeaw\wat_prakeaw568.jpg,watpramakew
D:\Download\Theoretical Exam - Chula UTC AI Academy\Lab\Problem 3.\\images\\wat po\wat_po101.jpg,watpo
D:\Download\Theoretical Exam - Chula UTC AI Academy\Lab\Problem 3.\\images\\wat po\wat_po250.jpg,watpo
D:\Download\Theoretical Exam - Chula UTC AI Academy\Lab\Problem 3.\\images\\watprakeaw\wat_prakeaw410.jpg,watpramakew
D:\Download\Theoretical Exam - Chula UTC AI Academy\Lab\Problem 3.\\images\\watprakeaw\wat_prakeaw110.jpg,watpramakew
D:\Download\Theoretical Exam - Chula UTC AI Academy\Lab\Problem 3.\\images\\watprakeaw\wat_prakeaw159.jpg,watpramakew
D:\Download\Theoretical Exam - Chula UTC AI Academy\Lab\Problem 3.\\images\\watprakeaw\wat_prakeaw544.jpg,watpramakew
D:\Download\Theoretical Exam - Chula UTC AI Academy\Lab\Problem 3.\\images\\wat po\wat_po238.jpg,watpo
D:\Download\Theoretical Exam - Chula UTC AI Academy\Lab\Problem 3.\\images\\watprakeaw\wat_prakeaw66.jpg,watpramakew
D:\Download\Theoretical Exam - Chula UTC AI Academy\Lab\Problem 3.\\images\\watprakeaw\wat_prakeaw90.jpg,watpramakew
D:\Download\Theoretical Exam - Chula UTC AI Academy\Lab\Problem 3.\\images\\watprakeaw\wat_prakeaw535.jpg,watpramakew
D:\Download\Theoretical Exam - Chula UTC AI Academy\Lab\Problem 3.\\images\\wat po\wat_po75.jpg,watpo
D:\Download\Theoretical Exam - Chula UTC AI Academy\Lab\Problem 3.\\images\\watprakeaw\wat_prakeaw249.jpg,watpramakew
D:\Download\Theoretical Exam - Chula UTC AI Academy\Lab\Problem 3.\\images\\wat po\wat_po147.jpg,watpo
D:\Download\Theoretical Exam - Chula UTC AI Academy\Lab\Problem 3.\\images\\watprakeaw\wat_prakeaw132.jpg,watpramakew
D:\Download\Theoretical Exam - Chula UTC AI Academy\Lab\Problem 3.\\images\\wat po\wat_po115.jpg,watpo
D:\Download\Theoretical Exam - Chula UTC AI Academy\Lab\Problem 3.\\images\\wat po\wat_po148.jpg,watpo
D:\Download\Theoretical Exam - Chula UTC AI Academy\Lab\Problem 3.\\images\\watprakeaw\wat_prakeaw27.jpg,watpramakew
D:\Download\Theoretical Exam - Chula UTC AI Academy\Lab\Problem 3.\\images\\wat po\wat_po62.jpg,watpo
D:\Download\Theoretical Exam - Chula UTC AI Academy\Lab\Problem 3.\\images\\wat po\wat_po28.jpg,watpo
D:\Download\Theoretical Exam - Chula UTC AI Academy\Lab\Problem 3.\\images\\watprakeaw\wat_prakeaw142.jpg,watpramakew
D:\Download\Theoretical Exam - Chula UTC AI Academy\Lab\Problem 3.\\images\\wat po\wat_po0.jpg,watpo
D:\Download\Theoretical Exam - Chula UTC AI Academy\Lab\Problem 3.\\images\\wat po\wat_po77.jpg,watpo
D:\Download\Theoretical Exam - Chula UTC AI Academy\Lab\Problem 3.\\images\\watprakeaw\wat_prakeaw44.jpg,watpramakew
D:\Download\Theoretical Exam - Chula UTC AI Academy\Lab\Problem 3.\\images\\wat po\wat_po594.jpg,watpo
D:\Download\Theoretical Exam - Chula UTC AI Academy\Lab\Problem 3.\\images\\watprakeaw\wat_prakeaw561.jpg,watpramakew
D:\Download\Theoretical Exam - Chula UTC AI Academy\Lab\Problem 3.\\images\\watprakeaw\wat_prakeaw292.jpg,watpramakew
D:\Download\Theoretical Exam - Chula UTC AI Academy\Lab\Problem 3.\\images\\watprakeaw\wat_prakeaw21.jpg,watpramakew
D:\Download\Theoretical Exam - Chula UTC AI Academy\Lab\Problem 3.\\images\\watprakeaw\wat_prakeaw316.jpg,watpramakew
D:\Download\Theoretical Exam - Chula UTC AI Academy\Lab\Problem 3.\\images\\wat po\wat_po521.jpg,watpo
D:\Download\Theoretical Exam - Chula UTC AI Academy\Lab\Problem 3.\\images\\wat po\wat_po54.jpg,watpo
D:\Download\Theoretical Exam - Chula UTC AI Academy\Lab\Problem 3.\\images\\watprakeaw\wat_prakeaw481.jpg,watpramakew
D:\Download\Theoretical Exam - Chula UTC AI Academy\Lab\Problem 3.\\images\\watprakeaw\wat_prakeaw42.jpg,watpramakew
D:\Download\Theoretical Exam - Chula UTC AI Academy\Lab\Problem 3.\\images\\watprakeaw\wat_prakeaw364.jpg,watpramakew
D:\Download\Theoretical Exam - Chula UTC AI Academy\Lab\Problem 3.\\images\\watprakeaw\wat_prakeaw116.jpg,watpramakew
D:\Download\Theoretical Exam - Chula UTC AI Academy\Lab\Problem 3.\\images\\wat po\wat_po263.jpg,watpo
D:\Download\Theoretical Exam - Chula UTC AI Academy\Lab\Problem 3.\\images\\watprakeaw\wat_prakeaw50.jpg,watpramakew
D:\Download\Theoretical Exam - Chula UTC AI Academy\Lab\Problem 3.\\images\\watprakeaw\wat_prakeaw594.jpg,watpramakew
D:\Download\Theoretical Exam - Chula UTC AI Academy\Lab\Problem 3.\\images\\wat po\wat_po259.jpg,watpo
D:\Download\Theoretical Exam - Chula UTC AI Academy\Lab\Problem 3.\\images\\watprakeaw\wat_prakeaw437.jpg,watpramakew
D:\Download\Theoretical Exam - Chula UTC AI Academy\Lab\Problem 3.\\images\\watprakeaw\wat_prakeaw135.jpg,watpramakew
D:\Download\Theoretical Exam - Chula UTC AI Academy\Lab\Problem 3.\\images\\watprakeaw\wat_prakeaw95.jpg,watpramakew
D:\Download\Theoretical Exam - Chula UTC AI Academy\Lab\Problem 3.\\images\\watprakeaw\wat_prakeaw327.jpg,watpramakew
D:\Download\Theoretical Exam - Chula UTC AI Academy\Lab\Problem 3.\\images\\wat po\wat_po19.jpg,watpo
D:\Download\Theoretical Exam - Chula UTC AI Academy\Lab\Problem 3.\\images\\watprakeaw\wat_prakeaw403.jpg,watpramakew
D:\Download\Theoretical Exam - Chula UTC AI Academy\Lab\Problem 3.\\images\\watprakeaw\wat_prakeaw531.jpg,watpramakew
D:\Download\Theoretical Exam - Chula UTC AI Academy\Lab\Problem 3.\\images\\wat po\wat_po353.jpg,watpo
D:\Download\Theoretical Exam - Chula UTC AI Academy\Lab\Problem 3.\\images\\wat po\wat_po177.jpg,watpo
D:\Download\Theoretical Exam - Chula UTC AI Academy\Lab\Problem 3.\\images\\wat po\wat_po160.jpg,watpo
D:\Download\Theoretical Exam - Chula UTC AI Academy\Lab\Problem 3.\\images\\wat po\wat_po320.jpg,watpo
D:\Download\Theoretical Exam - Chula UTC AI Academy\Lab\Problem 3.\\images\\watprakeaw\wat_prakeaw365.jpg,watpramakew
D:\Download\Theoretical Exam - Chula UTC AI Academy\Lab\Problem 3.\\images\\wat po\wat_po68.jpg,watpo
D:\Download\Theoretical Exam - Chula UTC AI Academy\Lab\Problem 3.\\images\\watprakeaw\wat_prakeaw195.jpg,watpramakew
D:\Download\Theoretical Exam - Chula UTC AI Academy\Lab\Problem 3.\\images\\watprakeaw\wat_prakeaw98.jpg,watpramakew
D:\Download\Theoretical Exam - Chula UTC AI Academy\Lab\Problem 3.\\images\\watprakeaw\wat_prakeaw279.jpg,watpramakew
D:\Download\Theoretical Exam - Chula UTC AI Academy\Lab\Problem 3.\\images\\wat po\wat_po53.jpg,watpo
D:\Download\Theoretical Exam - Chula UTC AI Academy\Lab\Problem 3.\\images\\watprakeaw\wat_prakeaw158.jpg,watpramakew
D:\Download\Theoretical Exam - Chula UTC AI Academy\Lab\Problem 3.\\images\\watprakeaw\wat_prakeaw552.jpg,watpramakew
D:\Download\Theoretical Exam - Chula UTC AI Academy\Lab\Problem 3.\\images\\wat po\wat_po213.jpg,watpo
D:\Download\Theoretical Exam - Chula UTC AI Academy\Lab\Problem 3.\\images\\watprakeaw\wat_prakeaw298.jpg,watpramakew
D:\Download\Theoretical Exam - Chula UTC AI Academy\Lab\Problem 3.\\images\\watprakeaw\wat_prakeaw2.jpg,watpramakew
D:\Download\Theoretical Exam - Chula UTC AI Academy\Lab\Problem 3.\\images\\watprakeaw\wat_prakeaw189.jpg,watpramakew
D:\Download\Theoretical Exam - Chula UTC AI Academy\Lab\Problem 3.\\images\\watprakeaw\wat_prakeaw114.jpg,watpramakew
D:\Download\Theoretical Exam - Chula UTC AI Academy\Lab\Problem 3.\\images\\watprakeaw\wat_prakeaw219.jpg,watpramakew
D:\Download\Theoretical Exam - Chula UTC AI Academy\Lab\Problem 3.\\images\\watprakeaw\wat_prakeaw63.jpg,watpramakew
D:\Download\Theoretical Exam - Chula UTC AI Academy\Lab\Problem 3.\\images\\watprakeaw\wat_prakeaw177.jpg,watpramakew
D:\Download\Theoretical Exam - Chula UTC AI Academy\Lab\Problem 3.\\images\\wat po\wat_po544.jpg,watpo
D:\Download\Theoretical Exam - Chula UTC AI Academy\Lab\Problem 3.\\images\\wat po\wat_po128.jpg,watpo
D:\Download\Theoretical Exam - Chula UTC AI Academy\Lab\Problem 3.\\images\\watprakeaw\wat_prakeaw163.jpg,watpramakew
D:\Download\Theoretical Exam - Chula UTC AI Academy\Lab\Problem 3.\\images\\watprakeaw\wat_prakeaw143.jpg,watpramakew
D:\Download\Theoretical Exam - Chula UTC AI Academy\Lab\Problem 3.\\images\\watprakeaw\wat_prakeaw87.jpg,watpramakew
D:\Download\Theoretical Exam - Chula UTC AI Academy\Lab\Problem 3.\\images\\watprakeaw\wat_prakeaw71.jpg,watpramakew
D:\Download\Theoretical Exam - Chula UTC AI Academy\Lab\Problem 3.\\images\\watprakeaw\wat_prakeaw125.jpg,watpramakew
D:\Download\Theoretical Exam - Chula UTC AI Academy\Lab\Problem 3.\\images\\wat po\wat_po67.jpg,watpo
D:\Download\Theoretical Exam - Chula UTC AI Academy\Lab\Problem 3.\\images\\watprakeaw\wat_prakeaw248.jpg,watpramakew
D:\Download\Theoretical Exam - Chula UTC AI Academy\Lab\Problem 3.\\images\\watprakeaw\wat_prakeaw283.jpg,watpramakew
D:\Download\Theoretical Exam - Chula UTC AI Academy\Lab\Problem 3.\\images\\watprakeaw\wat_prakeaw205.jpg,watpramakew
D:\Download\Theoretical Exam - Chula UTC AI Academy\Lab\Problem 3.\\images\\wat po\wat_po424.jpg,watpo
D:\Download\Theoretical Exam - Chula UTC AI Academy\Lab\Problem 3.\\images\\wat po\wat_po73.jpg,watpo
D:\Download\Theoretical Exam - Chula UTC AI Academy\Lab\Problem 3.\\images\\wat po\wat_po93.jpg,watpo
D:\Download\Theoretical Exam - Chula UTC AI Academy\Lab\Problem 3.\\images\\watprakeaw\wat_prakeaw570.jpg,watpramakew
D:\Download\Theoretical Exam - Chula UTC AI Academy\Lab\Problem 3.\\images\\wat po\wat_po49.jpg,watpo
D:\Download\Theoretical Exam - Chula UTC AI Academy\Lab\Problem 3.\\images\\wat po\wat_po16.jpg,watpo
D:\Download\Theoretical Exam - Chula UTC AI Academy\Lab\Problem 3.\\images\\watprakeaw\wat_prakeaw508.jpg,watpramakew
D:\Download\Theoretical Exam - Chula UTC AI Academy\Lab\Problem 3.\\images\\wat po\wat_po437.jpg,watpo
D:\Download\Theoretical Exam - Chula UTC AI Academy\Lab\Problem 3.\\images\\watprakeaw\wat_prakeaw560.jpg,watpramakew
D:\Download\Theoretical Exam - Chula UTC AI Academy\Lab\Problem 3.\\images\\wat po\wat_po241.jpg,watpo
D:\Download\Theoretical Exam - Chula UTC AI Academy\Lab\Problem 3.\\images\\watprakeaw\wat_prakeaw378.jpg,watpramakew
D:\Download\Theoretical Exam - Chula UTC AI Academy\Lab\Problem 3.\\images\\watprakeaw\wat_prakeaw491.jpg,watpramakew
D:\Download\Theoretical Exam - Chula UTC AI Academy\Lab\Problem 3.\\images\\watprakeaw\wat_prakeaw240.jpg,watpramakew
D:\Download\Theoretical Exam - Chula UTC AI Academy\Lab\Problem 3.\\images\\watprakeaw\wat_prakeaw417.jpg,watpramakew
D:\Download\Theoretical Exam - Chula UTC AI Academy\Lab\Problem 3.\\images\\wat po\wat_po415.jpg,watpo
D:\Download\Theoretical Exam - Chula UTC AI Academy\Lab\Problem 3.\\images\\watprakeaw\wat_prakeaw86.jpg,watpramakew
D:\Download\Theoretical Exam - Chula UTC AI Academy\Lab\Problem 3.\\images\\watprakeaw\wat_prakeaw499.jpg,watpramakew
D:\Download\Theoretical Exam - Chula UTC AI Academy\Lab\Problem 3.\\images\\watprakeaw\wat_prakeaw40.jpg,watpramakew
D:\Download\Theoretical Exam - Chula UTC AI Academy\Lab\Problem 3.\\images\\wat po\wat_po284.jpg,watpo
D:\Download\Theoretical Exam - Chula UTC AI Academy\Lab\Problem 3.\\images\\wat po\wat_po133.jpg,watpo
D:\Download\Theoretical Exam - Chula UTC AI Academy\Lab\Problem 3.\\images\\watprakeaw\wat_prakeaw128.jpg,watpramakew
D:\Download\Theoretical Exam - Chula UTC AI Academy\Lab\Problem 3.\\images\\watprakeaw\wat_prakeaw596.jpg,watpramakew
D:\Download\Theoretical Exam - Chula UTC AI Academy\Lab\Problem 3.\\images\\watprakeaw\wat_prakeaw34.jpg,watpramakew
D:\Download\Theoretical Exam - Chula UTC AI Academy\Lab\Problem 3.\\images\\wat po\wat_po118.jpg,watpo
D:\Download\Theoretical Exam - Chula UTC AI Academy\Lab\Problem 3.\\images\\watprakeaw\wat_prakeaw553.jpg,watpramakew
D:\Download\Theoretical Exam - Chula UTC AI Academy\Lab\Problem 3.\\images\\wat po\wat_po300.jpg,watpo
D:\Download\Theoretical Exam - Chula UTC AI Academy\Lab\Problem 3.\\images\\wat po\wat_po103.jpg,watpo
D:\Download\Theoretical Exam - Chula UTC AI Academy\Lab\Problem 3.\\images\\wat po\wat_po13.jpg,watpo
D:\Download\Theoretical Exam - Chula UTC AI Academy\Lab\Problem 3.\\images\\watprakeaw\wat_prakeaw56.jpg,watpramakew
D:\Download\Theoretical Exam - Chula UTC AI Academy\Lab\Problem 3.\\images\\watprakeaw\wat_prakeaw576.jpg,watpramakew
D:\Download\Theoretical Exam - Chula UTC AI Academy\Lab\Problem 3.\\images\\wat po\wat_po201.jpg,watpo
D:\Download\Theoretical Exam - Chula UTC AI Academy\Lab\Problem 3.\\images\\watprakeaw\wat_prakeaw477.jpg,watpramakew
D:\Download\Theoretical Exam - Chula UTC AI Academy\Lab\Problem 3.\\images\\wat po\wat_po247.jpg,watpo
D:\Download\Theoretical Exam - Chula UTC AI Academy\Lab\Problem 3.\\images\\watprakeaw\wat_prakeaw178.jpg,watpramakew
D:\Download\Theoretical Exam - Chula UTC AI Academy\Lab\Problem 3.\\images\\watprakeaw\wat_prakeaw447.jpg,watpramakew
D:\Download\Theoretical Exam - Chula UTC AI Academy\Lab\Problem 3.\\images\\watprakeaw\wat_prakeaw18.jpg,watpramakew
D:\Download\Theoretical Exam - Chula UTC AI Academy\Lab\Problem 3.\\images\\wat po\wat_po196.jpg,watpo
D:\Download\Theoretical Exam - Chula UTC AI Academy\Lab\Problem 3.\\images\\watprakeaw\wat_prakeaw1.jpg,watpramakew
D:\Download\Theoretical Exam - Chula UTC AI Academy\Lab\Problem 3.\\images\\wat po\wat_po34.jpg,watpo
D:\Download\Theoretical Exam - Chula UTC AI Academy\Lab\Problem 3.\\images\\wat po\wat_po43.jpg,watpo
D:\Download\Theoretical Exam - Chula UTC AI Academy\Lab\Problem 3.\\images\\watprakeaw\wat_prakeaw402.jpg,watpramakew
D:\Download\Theoretical Exam - Chula UTC AI Academy\Lab\Problem 3.\\images\\wat po\wat_po117.jpg,watpo
D:\Download\Theoretical Exam - Chula UTC AI Academy\Lab\Problem 3.\\images\\watprakeaw\wat_prakeaw14.jpg,watpramakew
D:\Download\Theoretical Exam - Chula UTC AI Academy\Lab\Problem 3.\\images\\wat po\wat_po157.jpg,watpo
D:\Download\Theoretical Exam - Chula UTC AI Academy\Lab\Problem 3.\\images\\wat po\wat_po204.jpg,watpo
D:\Download\Theoretical Exam - Chula UTC AI Academy\Lab\Problem 3.\\images\\watprakeaw\wat_prakeaw109.jpg,watpramakew
D:\Download\Theoretical Exam - Chula UTC AI Academy\Lab\Problem 3.\\images\\watprakeaw\wat_prakeaw74.jpg,watpramakew
D:\Download\Theoretical Exam - Chula UTC AI Academy\Lab\Problem 3.\\images\\watprakeaw\wat_prakeaw361.jpg,watpramakew
D:\Download\Theoretical Exam - Chula UTC AI Academy\Lab\Problem 3.\\images\\watprakeaw\wat_prakeaw374.jpg,watpramakew
D:\Download\Theoretical Exam - Chula UTC AI Academy\Lab\Problem 3.\\images\\watprakeaw\wat_prakeaw313.jpg,watpramakew
D:\Download\Theoretical Exam - Chula UTC AI Academy\Lab\Problem 3.\\images\\wat po\wat_po96.jpg,watpo
D:\Download\Theoretical Exam - Chula UTC AI Academy\Lab\Problem 3.\\images\\watprakeaw\wat_prakeaw16.jpg,watpramakew
D:\Download\Theoretical Exam - Chula UTC AI Academy\Lab\Problem 3.\\images\\watprakeaw\wat_prakeaw139.jpg,watpramakew
D:\Download\Theoretical Exam - Chula UTC AI Academy\Lab\Problem 3.\\images\\wat po\wat_po31.jpg,watpo
D:\Download\Theoretical Exam - Chula UTC AI Academy\Lab\Problem 3.\\images\\watprakeaw\wat_prakeaw211.jpg,watpramakew
D:\Download\Theoretical Exam - Chula UTC AI Academy\Lab\Problem 3.\\images\\wat po\wat_po23.jpg,watpo
D:\Download\Theoretical Exam - Chula UTC AI Academy\Lab\Problem 3.\\images\\watprakeaw\wat_prakeaw32.jpg,watpramakew
D:\Download\Theoretical Exam - Chula UTC AI Academy\Lab\Problem 3.\\images\\wat po\wat_po124.jpg,watpo
D:\Download\Theoretical Exam - Chula UTC AI Academy\Lab\Problem 3.\\images\\watprakeaw\wat_prakeaw500.jpg,watpramakew
D:\Download\Theoretical Exam - Chula UTC AI Academy\Lab\Problem 3.\\images\\watprakeaw\wat_prakeaw216.jpg,watpramakew
D:\Download\Theoretical Exam - Chula UTC AI Academy\Lab\Problem 3.\\images\\wat po\wat_po327.jpg,watpo
D:\Download\Theoretical Exam - Chula UTC AI Academy\Lab\Problem 3.\\images\\watprakeaw\wat_prakeaw337.jpg,watpramakew
D:\Download\Theoretical Exam - Chula UTC AI Academy\Lab\Problem 3.\\images\\watprakeaw\wat_prakeaw51.jpg,watpramakew
D:\Download\Theoretical Exam - Chula UTC AI Academy\Lab\Problem 3.\\images\\watprakeaw\wat_prakeaw64.jpg,watpramakew
D:\Download\Theoretical Exam - Chula UTC AI Academy\Lab\Problem 3.\\images\\watprakeaw\wat_prakeaw231.jpg,watpramakew
D:\Download\Theoretical Exam - Chula UTC AI Academy\Lab\Problem 3.\\images\\watprakeaw\wat_prakeaw390.jpg,watpramakew
D:\Download\Theoretical Exam - Chula UTC AI Academy\Lab\Problem 3.\\images\\wat po\wat_po144.jpg,watpo
D:\Download\Theoretical Exam - Chula UTC AI Academy\Lab\Problem 3.\\images\\watprakeaw\wat_prakeaw581.jpg,watpramakew
D:\Download\Theoretical Exam - Chula UTC AI Academy\Lab\Problem 3.\\images\\wat po\wat_po381.jpg,watpo
D:\Download\Theoretical Exam - Chula UTC AI Academy\Lab\Problem 3.\\images\\wat po\wat_po39.jpg,watpo
D:\Download\Theoretical Exam - Chula UTC AI Academy\Lab\Problem 3.\\images\\watprakeaw\wat_prakeaw580.jpg,watpramakew
D:\Download\Theoretical Exam - Chula UTC AI Academy\Lab\Problem 3.\\images\\watprakeaw\wat_prakeaw162.jpg,watpramakew
D:\Download\Theoretical Exam - Chula UTC AI Academy\Lab\Problem 3.\\images\\watprakeaw\wat_prakeaw521.jpg,watpramakew
D:\Download\Theoretical Exam - Chula UTC AI Academy\Lab\Problem 3.\\images\\watprakeaw\wat_prakeaw338.jpg,watpramakew
D:\Download\Theoretical Exam - Chula UTC AI Academy\Lab\Problem 3.\\images\\watprakeaw\wat_prakeaw404.jpg,watpramakew
D:\Download\Theoretical Exam - Chula UTC AI Academy\Lab\Problem 3.\\images\\watprakeaw\wat_prakeaw31.jpg,watpramakew
D:\Download\Theoretical Exam - Chula UTC AI Academy\Lab\Problem 3.\\images\\watprakeaw\wat_prakeaw441.jpg,watpramakew
D:\Download\Theoretical Exam - Chula UTC AI Academy\Lab\Problem 3.\\images\\watprakeaw\wat_prakeaw466.jpg,watpramakew
D:\Download\Theoretical Exam - Chula UTC AI Academy\Lab\Problem 3.\\images\\wat po\wat_po277.jpg,watpo
D:\Download\Theoretical Exam - Chula UTC AI Academy\Lab\Problem 3.\\images\\watprakeaw\wat_prakeaw167.jpg,watpramakew
D:\Download\Theoretical Exam - Chula UTC AI Academy\Lab\Problem 3.\\images\\watprakeaw\wat_prakeaw306.jpg,watpramakew
D:\Download\Theoretical Exam - Chula UTC AI Academy\Lab\Problem 3.\\images\\watprakeaw\wat_prakeaw586.jpg,watpramakew
D:\Download\Theoretical Exam - Chula UTC AI Academy\Lab\Problem 3.\\images\\watprakeaw\wat_prakeaw154.jpg,watpramakew
D:\Download\Theoretical Exam - Chula UTC AI Academy\Lab\Problem 3.\\images\\wat po\wat_po140.jpg,watpo
D:\Download\Theoretical Exam - Chula UTC AI Academy\Lab\Problem 3.\\images\\wat po\wat_po3.jpg,watpo
D:\Download\Theoretical Exam - Chula UTC AI Academy\Lab\Problem 3.\\images\\watprakeaw\wat_prakeaw516.jpg,watpramakew
D:\Download\Theoretical Exam - Chula UTC AI Academy\Lab\Problem 3.\\images\\watprakeaw\wat_prakeaw255.jpg,watpramakew
D:\Download\Theoretical Exam - Chula UTC AI Academy\Lab\Problem 3.\\images\\wat po\wat_po112.jpg,watpo
D:\Download\Theoretical Exam - Chula UTC AI Academy\Lab\Problem 3.\\images\\wat po\wat_po572.jpg,watpo
D:\Download\Theoretical Exam - Chula UTC AI Academy\Lab\Problem 3.\\images\\wat po\wat_po476.jpg,watpo
D:\Download\Theoretical Exam - Chula UTC AI Academy\Lab\Problem 3.\\images\\wat po\wat_po358.jpg,watpo
D:\Download\Theoretical Exam - Chula UTC AI Academy\Lab\Problem 3.\\images\\wat po\wat_po191.jpg,watpo
D:\Download\Theoretical Exam - Chula UTC AI Academy\Lab\Problem 3.\\images\\wat po\wat_po50.jpg,watpo
D:\Download\Theoretical Exam - Chula UTC AI Academy\Lab\Problem 3.\\images\\watprakeaw\wat_prakeaw223.jpg,watpramakew
D:\Download\Theoretical Exam - Chula UTC AI Academy\Lab\Problem 3.\\images\\watprakeaw\wat_prakeaw415.jpg,watpramakew
D:\Download\Theoretical Exam - Chula UTC AI Academy\Lab\Problem 3.\\images\\watprakeaw\wat_prakeaw198.jpg,watpramakew
D:\Download\Theoretical Exam - Chula UTC AI Academy\Lab\Problem 3.\\images\\watprakeaw\wat_prakeaw192.jpg,watpramakew
D:\Download\Theoretical Exam - Chula UTC AI Academy\Lab\Problem 3.\\images\\watprakeaw\wat_prakeaw301.jpg,watpramakew
D:\Download\Theoretical Exam - Chula UTC AI Academy\Lab\Problem 3.\\images\\watprakeaw\wat_prakeaw563.jpg,watpramakew
D:\Download\Theoretical Exam - Chula UTC AI Academy\Lab\Problem 3.\\images\\watprakeaw\wat_prakeaw486.jpg,watpramakew
D:\Download\Theoretical Exam - Chula UTC AI Academy\Lab\Problem 3.\\images\\watprakeaw\wat_prakeaw270.jpg,watpramakew
D:\Download\Theoretical Exam - Chula UTC AI Academy\Lab\Problem 3.\\images\\watprakeaw\wat_prakeaw485.jpg,watpramakew
D:\Download\Theoretical Exam - Chula UTC AI Academy\Lab\Problem 3.\\images\\wat po\wat_po37.jpg,watpo
D:\Download\Theoretical Exam - Chula UTC AI Academy\Lab\Problem 3.\\images\\watprakeaw\wat_prakeaw512.jpg,watpramakew
D:\Download\Theoretical Exam - Chula UTC AI Academy\Lab\Problem 3.\\images\\watprakeaw\wat_prakeaw55.jpg,watpramakew
D:\Download\Theoretical Exam - Chula UTC AI Academy\Lab\Problem 3.\\images\\watprakeaw\wat_prakeaw467.jpg,watpramakew
D:\Download\Theoretical Exam - Chula UTC AI Academy\Lab\Problem 3.\\images\\wat po\wat_po127.jpg,watpo
D:\Download\Theoretical Exam - Chula UTC AI Academy\Lab\Problem 3.\\images\\wat po\wat_po276.jpg,watpo
D:\Download\Theoretical Exam - Chula UTC AI Academy\Lab\Problem 3.\\images\\watprakeaw\wat_prakeaw346.jpg,watpramakew
D:\Download\Theoretical Exam - Chula UTC AI Academy\Lab\Problem 3.\\images\\watprakeaw\wat_prakeaw131.jpg,watpramakew
D:\Download\Theoretical Exam - Chula UTC AI Academy\Lab\Problem 3.\\images\\wat po\wat_po60.jpg,watpo
D:\Download\Theoretical Exam - Chula UTC AI Academy\Lab\Problem 3.\\images\\wat po\wat_po228.jpg,watpo
D:\Download\Theoretical Exam - Chula UTC AI Academy\Lab\Problem 3.\\images\\watprakeaw\wat_prakeaw319.jpg,watpramakew
D:\Download\Theoretical Exam - Chula UTC AI Academy\Lab\Problem 3.\\images\\watprakeaw\wat_prakeaw336.jpg,watpramakew
D:\Download\Theoretical Exam - Chula UTC AI Academy\Lab\Problem 3.\\images\\watprakeaw\wat_prakeaw331.jpg,watpramakew
D:\Download\Theoretical Exam - Chula UTC AI Academy\Lab\Problem 3.\\images\\wat po\wat_po120.jpg,watpo
D:\Download\Theoretical Exam - Chula UTC AI Academy\Lab\Problem 3.\\images\\watprakeaw\wat_prakeaw19.jpg,watpramakew
D:\Download\Theoretical Exam - Chula UTC AI Academy\Lab\Problem 3.\\images\\watprakeaw\wat_prakeaw181.jpg,watpramakew
D:\Download\Theoretical Exam - Chula UTC AI Academy\Lab\Problem 3.\\images\\watprakeaw\wat_prakeaw88.jpg,watpramakew
D:\Download\Theoretical Exam - Chula UTC AI Academy\Lab\Problem 3.\\images\\wat po\wat_po38.jpg,watpo
D:\Download\Theoretical Exam - Chula UTC AI Academy\Lab\Problem 3.\\images\\watprakeaw\wat_prakeaw9.jpg,watpramakew
D:\Download\Theoretical Exam - Chula UTC AI Academy\Lab\Problem 3.\\images\\watprakeaw\wat_prakeaw8.jpg,watpramakew
D:\Download\Theoretical Exam - Chula UTC AI Academy\Lab\Problem 3.\\images\\watprakeaw\wat_prakeaw326.jpg,watpramakew
D:\Download\Theoretical Exam - Chula UTC AI Academy\Lab\Problem 3.\\images\\watprakeaw\wat_prakeaw221.jpg,watpramakew
D:\Download\Theoretical Exam - Chula UTC AI Academy\Lab\Problem 3.\\images\\wat po\wat_po65.jpg,watpo
D:\Download\Theoretical Exam - Chula UTC AI Academy\Lab\Problem 3.\\images\\watprakeaw\wat_prakeaw149.jpg,watpramakew
D:\Download\Theoretical Exam - Chula UTC AI Academy\Lab\Problem 3.\\images\\watprakeaw\wat_prakeaw102.jpg,watpramakew
D:\Download\Theoretical Exam - Chula UTC AI Academy\Lab\Problem 3.\\images\\wat po\wat_po182.jpg,watpo
D:\Download\Theoretical Exam - Chula UTC AI Academy\Lab\Problem 3.\\images\\wat po\wat_po193.jpg,watpo
D:\Download\Theoretical Exam - Chula UTC AI Academy\Lab\Problem 3.\\images\\watprakeaw\wat_prakeaw597.jpg,watpramakew
D:\Download\Theoretical Exam - Chula UTC AI Academy\Lab\Problem 3.\\images\\watprakeaw\wat_prakeaw460.jpg,watpramakew
D:\Download\Theoretical Exam - Chula UTC AI Academy\Lab\Problem 3.\\images\\watprakeaw\wat_prakeaw218.jpg,watpramakew
D:\Download\Theoretical Exam - Chula UTC AI Academy\Lab\Problem 3.\\images\\watprakeaw\wat_prakeaw36.jpg,watpramakew
D:\Download\Theoretical Exam - Chula UTC AI Academy\Lab\Problem 3.\\images\\watprakeaw\wat_prakeaw97.jpg,watpramakew
D:\Download\Theoretical Exam - Chula UTC AI Academy\Lab\Problem 3.\\images\\wat po\wat_po91.jpg,watpo
D:\Download\Theoretical Exam - Chula UTC AI Academy\Lab\Problem 3.\\images\\watprakeaw\wat_prakeaw483.jpg,watpramakew
D:\Download\Theoretical Exam - Chula UTC AI Academy\Lab\Problem 3.\\images\\wat po\wat_po87.jpg,watpo
D:\Download\Theoretical Exam - Chula UTC AI Academy\Lab\Problem 3.\\images\\wat po\wat_po281.jpg,watpo
D:\Download\Theoretical Exam - Chula UTC AI Academy\Lab\Problem 3.\\images\\wat po\wat_po184.jpg,watpo
D:\Download\Theoretical Exam - Chula UTC AI Academy\Lab\Problem 3.\\images\\wat po\wat_po371.jpg,watpo
D:\Download\Theoretical Exam - Chula UTC AI Academy\Lab\Problem 3.\\images\\watprakeaw\wat_prakeaw12.jpg,watpramakew
D:\Download\Theoretical Exam - Chula UTC AI Academy\Lab\Problem 3.\\images\\wat po\wat_po164.jpg,watpo
D:\Download\Theoretical Exam - Chula UTC AI Academy\Lab\Problem 3.\\images\\watprakeaw\wat_prakeaw235.jpg,watpramakew
D:\Download\Theoretical Exam - Chula UTC AI Academy\Lab\Problem 3.\\images\\watprakeaw\wat_prakeaw54.jpg,watpramakew
D:\Download\Theoretical Exam - Chula UTC AI Academy\Lab\Problem 3.\\images\\watprakeaw\wat_prakeaw53.jpg,watpramakew
D:\Download\Theoretical Exam - Chula UTC AI Academy\Lab\Problem 3.\\images\\wat po\wat_po216.jpg,watpo
D:\Download\Theoretical Exam - Chula UTC AI Academy\Lab\Problem 3.\\images\\watprakeaw\wat_prakeaw458.jpg,watpramakew
D:\Download\Theoretical Exam - Chula UTC AI Academy\Lab\Problem 3.\\images\\watprakeaw\wat_prakeaw57.jpg,watpramakew
D:\Download\Theoretical Exam - Chula UTC AI Academy\Lab\Problem 3.\\images\\watprakeaw\wat_prakeaw287.jpg,watpramakew
D:\Download\Theoretical Exam - Chula UTC AI Academy\Lab\Problem 3.\\images\\watprakeaw\wat_prakeaw72.jpg,watpramakew
D:\Download\Theoretical Exam - Chula UTC AI Academy\Lab\Problem 3.\\images\\wat po\wat_po48.jpg,watpo
D:\Download\Theoretical Exam - Chula UTC AI Academy\Lab\Problem 3.\\images\\watprakeaw\wat_prakeaw58.jpg,watpramakew
D:\Download\Theoretical Exam - Chula UTC AI Academy\Lab\Problem 3.\\images\\watprakeaw\wat_prakeaw351.jpg,watpramakew
D:\Download\Theoretical Exam - Chula UTC AI Academy\Lab\Problem 3.\\images\\wat po\wat_po22.jpg,watpo
D:\Download\Theoretical Exam - Chula UTC AI Academy\Lab\Problem 3.\\images\\watprakeaw\wat_prakeaw76.jpg,watpramakew
D:\Download\Theoretical Exam - Chula UTC AI Academy\Lab\Problem 3.\\images\\wat po\wat_po428.jpg,watpo
D:\Download\Theoretical Exam - Chula UTC AI Academy\Lab\Problem 3.\\images\\watprakeaw\wat_prakeaw123.jpg,watpramakew
D:\Download\Theoretical Exam - Chula UTC AI Academy\Lab\Problem 3.\\images\\watprakeaw\wat_prakeaw164.jpg,watpramakew
D:\Download\Theoretical Exam - Chula UTC AI Academy\Lab\Problem 3.\\images\\watprakeaw\wat_prakeaw229.jpg,watpramakew
D:\Download\Theoretical Exam - Chula UTC AI Academy\Lab\Problem 3.\\images\\wat po\wat_po251.jpg,watpo
D:\Download\Theoretical Exam - Chula UTC AI Academy\Lab\Problem 3.\\images\\watprakeaw\wat_prakeaw347.jpg,watpramakew
D:\Download\Theoretical Exam - Chula UTC AI Academy\Lab\Problem 3.\\images\\wat po\wat_po35.jpg,watpo
D:\Download\Theoretical Exam - Chula UTC AI Academy\Lab\Problem 3.\\images\\watprakeaw\wat_prakeaw208.jpg,watpramakew
D:\Download\Theoretical Exam - Chula UTC AI Academy\Lab\Problem 3.\\images\\watprakeaw\wat_prakeaw182.jpg,watpramakew
D:\Download\Theoretical Exam - Chula UTC AI Academy\Lab\Problem 3.\\images\\wat po\wat_po240.jpg,watpo
D:\Download\Theoretical Exam - Chula UTC AI Academy\Lab\Problem 3.\\images\\watprakeaw\wat_prakeaw239.jpg,watpramakew
D:\Download\Theoretical Exam - Chula UTC AI Academy\Lab\Problem 3.\\images\\watprakeaw\wat_prakeaw320.jpg,watpramakew
D:\Download\Theoretical Exam - Chula UTC AI Academy\Lab\Problem 3.\\images\\watprakeaw\wat_prakeaw317.jpg,watpramakew
D:\Download\Theoretical Exam - Chula UTC AI Academy\Lab\Problem 3.\\images\\wat po\wat_po583.jpg,watpo
D:\Download\Theoretical Exam - Chula UTC AI Academy\Lab\Problem 3.\\images\\wat po\wat_po142.jpg,watpo
D:\Download\Theoretical Exam - Chula UTC AI Academy\Lab\Problem 3.\\images\\watprakeaw\wat_prakeaw451.jpg,watpramakew
D:\Download\Theoretical Exam - Chula UTC AI Academy\Lab\Problem 3.\\images\\watprakeaw\wat_prakeaw24.jpg,watpramakew
D:\Download\Theoretical Exam - Chula UTC AI Academy\Lab\Problem 3.\\images\\watprakeaw\wat_prakeaw444.jpg,watpramakew
D:\Download\Theoretical Exam - Chula UTC AI Academy\Lab\Problem 3.\\images\\wat po\wat_po74.jpg,watpo
D:\Download\Theoretical Exam - Chula UTC AI Academy\Lab\Problem 3.\\images\\watprakeaw\wat_prakeaw488.jpg,watpramakew
D:\Download\Theoretical Exam - Chula UTC AI Academy\Lab\Problem 3.\\images\\wat po\wat_po159.jpg,watpo
D:\Download\Theoretical Exam - Chula UTC AI Academy\Lab\Problem 3.\\images\\wat po\wat_po575.jpg,watpo
D:\Download\Theoretical Exam - Chula UTC AI Academy\Lab\Problem 3.\\images\\watprakeaw\wat_prakeaw237.jpg,watpramakew
D:\Download\Theoretical Exam - Chula UTC AI Academy\Lab\Problem 3.\\images\\wat po\wat_po99.jpg,watpo
D:\Download\Theoretical Exam - Chula UTC AI Academy\Lab\Problem 3.\\images\\watprakeaw\wat_prakeaw571.jpg,watpramakew
D:\Download\Theoretical Exam - Chula UTC AI Academy\Lab\Problem 3.\\images\\wat po\wat_po229.jpg,watpo
D:\Download\Theoretical Exam - Chula UTC AI Academy\Lab\Problem 3.\\images\\wat po\wat_po61.jpg,watpo
D:\Download\Theoretical Exam - Chula UTC AI Academy\Lab\Problem 3.\\images\\wat po\wat_po448.jpg,watpo
D:\Download\Theoretical Exam - Chula UTC AI Academy\Lab\Problem 3.\\images\\watprakeaw\wat_prakeaw101.jpg,watpramakew
D:\Download\Theoretical Exam - Chula UTC AI Academy\Lab\Problem 3.\\images\\watprakeaw\wat_prakeaw193.jpg,watpramakew
D:\Download\Theoretical Exam - Chula UTC AI Academy\Lab\Problem 3.\\images\\wat po\wat_po71.jpg,watpo
D:\Download\Theoretical Exam - Chula UTC AI Academy\Lab\Problem 3.\\images\\wat po\wat_po47.jpg,watpo
D:\Download\Theoretical Exam - Chula UTC AI Academy\Lab\Problem 3.\\images\\watprakeaw\wat_prakeaw357.jpg,watpramakew
D:\Download\Theoretical Exam - Chula UTC AI Academy\Lab\Problem 3.\\images\\watprakeaw\wat_prakeaw475.jpg,watpramakew
D:\Download\Theoretical Exam - Chula UTC AI Academy\Lab\Problem 3.\\images\\wat po\wat_po5.jpg,watpo
D:\Download\Theoretical Exam - Chula UTC AI Academy\Lab\Problem 3.\\images\\watprakeaw\wat_prakeaw175.jpg,watpramakew
D:\Download\Theoretical Exam - Chula UTC AI Academy\Lab\Problem 3.\\images\\watprakeaw\wat_prakeaw28.jpg,watpramakew
D:\Download\Theoretical Exam - Chula UTC AI Academy\Lab\Problem 3.\\images\\watprakeaw\wat_prakeaw448.jpg,watpramakew
D:\Download\Theoretical Exam - Chula UTC AI Academy\Lab\Problem 3.\\images\\watprakeaw\wat_prakeaw13.jpg,watpramakew
D:\Download\Theoretical Exam - Chula UTC AI Academy\Lab\Problem 3.\\images\\watprakeaw\wat_prakeaw20.jpg,watpramakew
D:\Download\Theoretical Exam - Chula UTC AI Academy\Lab\Problem 3.\\images\\wat po\wat_po593.jpg,watpo
D:\Download\Theoretical Exam - Chula UTC AI Academy\Lab\Problem 3.\\images\\watprakeaw\wat_prakeaw295.jpg,watpramakew
D:\Download\Theoretical Exam - Chula UTC AI Academy\Lab\Problem 3.\\images\\watprakeaw\wat_prakeaw551.jpg,watpramakew
D:\Download\Theoretical Exam - Chula UTC AI Academy\Lab\Problem 3.\\images\\watprakeaw\wat_prakeaw592.jpg,watpramakew
D:\Download\Theoretical Exam - Chula UTC AI Academy\Lab\Problem 3.\\images\\watprakeaw\wat_prakeaw557.jpg,watpramakew
D:\Download\Theoretical Exam - Chula UTC AI Academy\Lab\Problem 3.\\images\\wat po\wat_po288.jpg,watpo
D:\Download\Theoretical Exam - Chula UTC AI Academy\Lab\Problem 3.\\images\\watprakeaw\wat_prakeaw224.jpg,watpramakew
D:\Download\Theoretical Exam - Chula UTC AI Academy\Lab\Problem 3.\\images\\watprakeaw\wat_prakeaw559.jpg,watpramakew
D:\Download\Theoretical Exam - Chula UTC AI Academy\Lab\Problem 3.\\images\\watprakeaw\wat_prakeaw215.jpg,watpramakew
D:\Download\Theoretical Exam - Chula UTC AI Academy\Lab\Problem 3.\\images\\watprakeaw\wat_prakeaw354.jpg,watpramakew
D:\Download\Theoretical Exam - Chula UTC AI Academy\Lab\Problem 3.\\images\\watprakeaw\wat_prakeaw5.jpg,watpramakew
D:\Download\Theoretical Exam - Chula UTC AI Academy\Lab\Problem 3.\\images\\wat po\wat_po412.jpg,watpo
D:\Download\Theoretical Exam - Chula UTC AI Academy\Lab\Problem 3.\\images\\watprakeaw\wat_prakeaw268.jpg,watpramakew
D:\Download\Theoretical Exam - Chula UTC AI Academy\Lab\Problem 3.\\images\\watprakeaw\wat_prakeaw435.jpg,watpramakew
D:\Download\Theoretical Exam - Chula UTC AI Academy\Lab\Problem 3.\\images\\wat po\wat_po324.jpg,watpo
D:\Download\Theoretical Exam - Chula UTC AI Academy\Lab\Problem 3.\\images\\wat po\wat_po123.jpg,watpo
D:\Download\Theoretical Exam - Chula UTC AI Academy\Lab\Problem 3.\\images\\wat po\wat_po190.jpg,watpo
D:\Download\Theoretical Exam - Chula UTC AI Academy\Lab\Problem 3.\\images\\watprakeaw\wat_prakeaw165.jpg,watpramakew
D:\Download\Theoretical Exam - Chula UTC AI Academy\Lab\Problem 3.\\images\\watprakeaw\wat_prakeaw147.jpg,watpramakew
D:\Download\Theoretical Exam - Chula UTC AI Academy\Lab\Problem 3.\\images\\watprakeaw\wat_prakeaw6.jpg,watpramakew
D:\Download\Theoretical Exam - Chula UTC AI Academy\Lab\Problem 3.\\images\\watprakeaw\wat_prakeaw49.jpg,watpramakew
D:\Download\Theoretical Exam - Chula UTC AI Academy\Lab\Problem 3.\\images\\wat po\wat_po58.jpg,watpo
D:\Download\Theoretical Exam - Chula UTC AI Academy\Lab\Problem 3.\\images\\watprakeaw\wat_prakeaw59.jpg,watpramakew
D:\Download\Theoretical Exam - Chula UTC AI Academy\Lab\Problem 3.\\images\\watprakeaw\wat_prakeaw389.jpg,watpramakew
D:\Download\Theoretical Exam - Chula UTC AI Academy\Lab\Problem 3.\\images\\wat po\wat_po249.jpg,watpo
D:\Download\Theoretical Exam - Chula UTC AI Academy\Lab\Problem 3.\\images\\wat po\wat_po82.jpg,watpo
D:\Download\Theoretical Exam - Chula UTC AI Academy\Lab\Problem 3.\\images\\watprakeaw\wat_prakeaw233.jpg,watpramakew
D:\Download\Theoretical Exam - Chula UTC AI Academy\Lab\Problem 3.\\images\\wat po\wat_po414.jpg,watpo
D:\Download\Theoretical Exam - Chula UTC AI Academy\Lab\Problem 3.\\images\\watprakeaw\wat_prakeaw282.jpg,watpramakew
D:\Download\Theoretical Exam - Chula UTC AI Academy\Lab\Problem 3.\\images\\watprakeaw\wat_prakeaw372.jpg,watpramakew
D:\Download\Theoretical Exam - Chula UTC AI Academy\Lab\Problem 3.\\images\\wat po\wat_po9.jpg,watpo
D:\Download\Theoretical Exam - Chula UTC AI Academy\Lab\Problem 3.\\images\\watprakeaw\wat_prakeaw591.jpg,watpramakew
D:\Download\Theoretical Exam - Chula UTC AI Academy\Lab\Problem 3.\\images\\watprakeaw\wat_prakeaw30.jpg,watpramakew
D:\Download\Theoretical Exam - Chula UTC AI Academy\Lab\Problem 3.\\images\\watprakeaw\wat_prakeaw473.jpg,watpramakew
D:\Download\Theoretical Exam - Chula UTC AI Academy\Lab\Problem 3.\\images\\watprakeaw\wat_prakeaw80.jpg,watpramakew
D:\Download\Theoretical Exam - Chula UTC AI Academy\Lab\Problem 3.\\images\\watprakeaw\wat_prakeaw210.jpg,watpramakew
D:\Download\Theoretical Exam - Chula UTC AI Academy\Lab\Problem 3.\\images\\watprakeaw\wat_prakeaw490.jpg,watpramakew
D:\Download\Theoretical Exam - Chula UTC AI Academy\Lab\Problem 3.\\images\\watprakeaw\wat_prakeaw395.jpg,watpramakew
D:\Download\Theoretical Exam - Chula UTC AI Academy\Lab\Problem 3.\\images\\wat po\wat_po98.jpg,watpo
D:\Download\Theoretical Exam - Chula UTC AI Academy\Lab\Problem 3.\\images\\watprakeaw\wat_prakeaw369.jpg,watpramakew
D:\Download\Theoretical Exam - Chula UTC AI Academy\Lab\Problem 3.\\images\\watprakeaw\wat_prakeaw199.jpg,watpramakew
D:\Download\Theoretical Exam - Chula UTC AI Academy\Lab\Problem 3.\\images\\watprakeaw\wat_prakeaw305.jpg,watpramakew
D:\Download\Theoretical Exam - Chula UTC AI Academy\Lab\Problem 3.\\images\\watprakeaw\wat_prakeaw416.jpg,watpramakew
D:\Download\Theoretical Exam - Chula UTC AI Academy\Lab\Problem 3.\\images\\watprakeaw\wat_prakeaw345.jpg,watpramakew
D:\Download\Theoretical Exam - Chula UTC AI Academy\Lab\Problem 3.\\images\\wat po\wat_po70.jpg,watpo
D:\Download\Theoretical Exam - Chula UTC AI Academy\Lab\Problem 3.\\images\\wat po\wat_po25.jpg,watpo
D:\Download\Theoretical Exam - Chula UTC AI Academy\Lab\Problem 3.\\images\\watprakeaw\wat_prakeaw106.jpg,watpramakew
D:\Download\Theoretical Exam - Chula UTC AI Academy\Lab\Problem 3.\\images\\wat po\wat_po41.jpg,watpo
D:\Download\Theoretical Exam - Chula UTC AI Academy\Lab\Problem 3.\\images\\wat po\wat_po20.jpg,watpo
D:\Download\Theoretical Exam - Chula UTC AI Academy\Lab\Problem 3.\\images\\watprakeaw\wat_prakeaw424.jpg,watpramakew
D:\Download\Theoretical Exam - Chula UTC AI Academy\Lab\Problem 3.\\images\\watprakeaw\wat_prakeaw308.jpg,watpramakew
D:\Download\Theoretical Exam - Chula UTC AI Academy\Lab\Problem 3.\\images\\wat po\wat_po396.jpg,watpo
D:\Download\Theoretical Exam - Chula UTC AI Academy\Lab\Problem 3.\\images\\wat po\wat_po36.jpg,watpo
D:\Download\Theoretical Exam - Chula UTC AI Academy\Lab\Problem 3.\\images\\watprakeaw\wat_prakeaw33.jpg,watpramakew
D:\Download\Theoretical Exam - Chula UTC AI Academy\Lab\Problem 3.\\images\\wat po\wat_po169.jpg,watpo
D:\Download\Theoretical Exam - Chula UTC AI Academy\Lab\Problem 3.\\images\\wat po\wat_po345.jpg,watpo
D:\Download\Theoretical Exam - Chula UTC AI Academy\Lab\Problem 3.\\images\\watprakeaw\wat_prakeaw290.jpg,watpramakew
D:\Download\Theoretical Exam - Chula UTC AI Academy\Lab\Problem 3.\\images\\watprakeaw\wat_prakeaw408.jpg,watpramakew
D:\Download\Theoretical Exam - Chula UTC AI Academy\Lab\Problem 3.\\images\\wat po\wat_po146.jpg,watpo
D:\Download\Theoretical Exam - Chula UTC AI Academy\Lab\Problem 3.\\images\\watprakeaw\wat_prakeaw433.jpg,watpramakew
D:\Download\Theoretical Exam - Chula UTC AI Academy\Lab\Problem 3.\\images\\watprakeaw\wat_prakeaw429.jpg,watpramakew
D:\Download\Theoretical Exam - Chula UTC AI Academy\Lab\Problem 3.\\images\\watprakeaw\wat_prakeaw227.jpg,watpramakew
D:\Download\Theoretical Exam - Chula UTC AI Academy\Lab\Problem 3.\\images\\watprakeaw\wat_prakeaw472.jpg,watpramakew
D:\Download\Theoretical Exam - Chula UTC AI Academy\Lab\Problem 3.\\images\\wat po\wat_po187.jpg,watpo
D:\Download\Theoretical Exam - Chula UTC AI Academy\Lab\Problem 3.\\images\\watprakeaw\wat_prakeaw375.jpg,watpramakew
D:\Download\Theoretical Exam - Chula UTC AI Academy\Lab\Problem 3.\\images\\watprakeaw\wat_prakeaw169.jpg,watpramakew
D:\Download\Theoretical Exam - Chula UTC AI Academy\Lab\Problem 3.\\images\\watprakeaw\wat_prakeaw15.jpg,watpramakew
D:\Download\Theoretical Exam - Chula UTC AI Academy\Lab\Problem 3.\\images\\watprakeaw\wat_prakeaw35.jpg,watpramakew
D:\Download\Theoretical Exam - Chula UTC AI Academy\Lab\Problem 3.\\images\\wat po\wat_po211.jpg,watpo
D:\Download\Theoretical Exam - Chula UTC AI Academy\Lab\Problem 3.\\images\\wat po\wat_po222.jpg,watpo
D:\Download\Theoretical Exam - Chula UTC AI Academy\Lab\Problem 3.\\images\\wat po\wat_po270.jpg,watpo
D:\Download\Theoretical Exam - Chula UTC AI Academy\Lab\Problem 3.\\images\\wat po\wat_po85.jpg,watpo
D:\Download\Theoretical Exam - Chula UTC AI Academy\Lab\Problem 3.\\images\\watprakeaw\wat_prakeaw281.jpg,watpramakew
D:\Download\Theoretical Exam - Chula UTC AI Academy\Lab\Problem 3.\\images\\wat po\wat_po185.jpg,watpo
D:\Download\Theoretical Exam - Chula UTC AI Academy\Lab\Problem 3.\\images\\wat po\wat_po254.jpg,watpo
D:\Download\Theoretical Exam - Chula UTC AI Academy\Lab\Problem 3.\\images\\wat po\wat_po109.jpg,watpo
D:\Download\Theoretical Exam - Chula UTC AI Academy\Lab\Problem 3.\\images\\watprakeaw\wat_prakeaw329.jpg,watpramakew
D:\Download\Theoretical Exam - Chula UTC AI Academy\Lab\Problem 3.\\images\\watprakeaw\wat_prakeaw261.jpg,watpramakew
D:\Download\Theoretical Exam - Chula UTC AI Academy\Lab\Problem 3.\\images\\watprakeaw\wat_prakeaw201.jpg,watpramakew
D:\Download\Theoretical Exam - Chula UTC AI Academy\Lab\Problem 3.\\images\\watprakeaw\wat_prakeaw425.jpg,watpramakew
D:\Download\Theoretical Exam - Chula UTC AI Academy\Lab\Problem 3.\\images\\watprakeaw\wat_prakeaw134.jpg,watpramakew
D:\Download\Theoretical Exam - Chula UTC AI Academy\Lab\Problem 3.\\images\\watprakeaw\wat_prakeaw464.jpg,watpramakew
D:\Download\Theoretical Exam - Chula UTC AI Academy\Lab\Problem 3.\\images\\wat po\wat_po329.jpg,watpo
D:\Download\Theoretical Exam - Chula UTC AI Academy\Lab\Problem 3.\\images\\watprakeaw\wat_prakeaw422.jpg,watpramakew
